test_index,0
6557,1
6558,1
6559,0
6560,0
6561,0
6562,0
6563,0
6564,1
6565,1
6566,0
6567,0
6568,0
6569,0
6570,0
6571,1
6572,1
6573,1
6574,1
6575,1
6576,1
6577,0
6578,0
6579,0
6580,0
6581,1
6582,1
6583,1
6584,0
6585,0
6586,0
6587,0
6588,1
6589,1
6590,1
6591,0
6592,0
6593,0
6594,0
6595,0
6596,0
6597,0
6598,0
6599,0
6600,1
6601,1
6602,0
6603,0
6604,0
6605,0
6606,0
6607,1
6608,1
6609,1
6610,0
6611,1
6612,0
6613,1
6614,1
6615,1
6616,1
6617,1
6618,1
6619,1
6620,1
6621,1
6622,1
6623,1
6624,1
6625,1
6626,1
6627,0
6628,0
6629,0
6630,1
6631,1
6632,1
6633,0
6634,0
6635,1
6636,1
6637,1
6638,1
6639,0
6640,0
6641,0
6642,1
6643,1
6644,1
6645,1
6646,1
6647,1
6648,1
6649,1
6650,1
6651,0
6652,1
6653,1
6654,1
6655,0
6656,1
6657,1
6658,1
6659,0
6660,0
6661,0
6662,1
6663,1
6664,1
6665,1
6666,0
6667,0
6668,0
6669,0
6670,0
6671,0
6672,1
6673,1
6674,0
6675,0
6676,0
6677,1
6678,1
6679,1
6680,1
6681,1
6682,0
6683,0
6684,0
6685,1
6686,1
6687,1
6688,1
6689,1
6690,1
6691,1
6692,1
6693,1
6694,1
6695,0
6696,1
6697,1
6698,1
6699,0
6700,1
6701,0
6702,0
6703,0
6704,1
6705,1
6706,0
6707,0
6708,0
6709,0
6710,0
6711,0
6712,0
6713,1
6714,1
6715,1
6716,1
6717,0
6718,0
6719,0
6720,0
6721,0
6722,0
6723,1
6724,0
6725,0
6726,1
6727,1
6728,1
6729,1
6730,1
6731,1
6732,1
6733,1
6734,1
6735,1
6736,1
6737,1
6738,0
6739,0
6740,0
6741,0
6742,0
6743,0
6744,0
6745,0
6746,0
6747,1
6748,0
6749,0
6750,0
6751,0
6752,0
6753,0
6754,0
6755,0
6756,1
6757,0
6758,1
6759,0
6760,0
6761,1
6762,1
6763,1
6764,1
6765,0
6766,0
6767,0
6768,0
6769,0
6770,1
6771,1
6772,1
6773,1
6774,1
6775,0
6776,0
6777,0
6778,0
6779,0
6780,0
6781,0
6782,0
6783,1
6784,1
6785,1
6786,1
6787,0
6788,0
6789,0
6790,1
6791,1
6792,0
6793,1
6794,0
6795,0
6796,0
6797,1
6798,1
6799,1
6800,0
6801,1
6802,1
6803,1
6804,1
6805,1
6806,1
6807,1
6808,1
6809,1
6810,1
6811,1
6812,1
6813,1
6814,0
6815,0
6816,0
6817,0
6818,1
6819,1
6820,1
6821,0
6822,0
6823,1
6824,0
6825,0
6826,0
6827,1
6828,0
6829,1
6830,1
6831,1
6832,1
6833,0
6834,0
6835,0
6836,0
6837,1
6838,1
6839,1
6840,1
6841,1
6842,0
6843,1
6844,0
6845,0
6846,0
6847,0
6848,0
6849,0
6850,0
6851,0
6852,0
6853,1
6854,1
6855,0
6856,0
6857,1
6858,1
6859,1
6860,1
6861,0
6862,0
6863,0
6864,0
6865,0
6866,0
6867,1
6868,1
6869,1
6870,0
6871,1
6872,0
6873,0
6874,0
6875,1
6876,1
6877,1
6878,0
6879,1
6880,0
6881,0
6882,0
6883,1
6884,1
6885,1
6886,0
6887,0
6888,0
6889,0
6890,0
6891,0
6892,1
6893,1
6894,1
6895,0
6896,1
6897,1
6898,1
6899,1
6900,1
6901,1
6902,1
6903,0
6904,0
6905,0
6906,0
6907,0
6908,1
6909,0
6910,0
6911,0
6912,0
6913,0
6914,0
6915,0
6916,0
6917,1
6918,1
6919,1
6920,1
6921,1
6922,1
6923,1
6924,1
6925,1
6926,1
6927,1
6928,1
6929,1
6930,0
6931,1
6932,0
6933,1
6934,1
6935,1
6936,1
6937,0
6938,1
6939,1
6940,1
6941,1
6942,1
6943,1
6944,0
6945,0
6946,0
6947,0
6948,0
6949,1
6950,1
6951,0
6952,0
6953,0
6954,1
6955,1
6956,1
6957,1
6958,1
6959,0
6960,0
6961,0
6962,1
6963,1
6964,1
6965,1
6966,0
6967,0
6968,1
6969,0
6970,0
6971,0
6972,0
6973,0
6974,0
6975,0
6976,0
6977,0
6978,1
6979,0
6980,0
6981,1
6982,1
6983,1
6984,1
6985,1
6986,0
6987,0
6988,0
6989,0
6990,1
6991,1
6992,1
6993,0
6994,0
6995,0
6996,1
6997,1
6998,1
6999,0
7000,1
7001,1
7002,1
7003,0
7004,0
7005,1
7006,1
7007,1
7008,1
7009,1
7010,1
7011,1
7012,0
7013,0
7014,0
7015,0
7016,0
7017,0
7018,1
7019,1
7020,1
7021,1
7022,1
7023,1
7024,1
7025,1
7026,1
7027,0
7028,0
7029,0
7030,1
7031,1
7032,1
7033,1
7034,0
7035,0
7036,0
7037,1
7038,1
7039,1
7040,1
7041,1
7042,1
7043,1
7044,1
7045,1
7046,1
7047,1
7048,1
7049,0
7050,0
7051,0
7052,1
7053,1
7054,1
7055,0
7056,0
7057,1
7058,1
7059,1
7060,0
7061,0
7062,1
7063,0
7064,0
7065,0
7066,0
7067,0
7068,0
7069,1
7070,1
7071,0
7072,1
7073,1
7074,1
7075,0
7076,0
7077,0
7078,0
7079,0
7080,0
7081,1
7082,1
7083,0
7084,0
7085,0
7086,1
7087,0
7088,1
7089,0
7090,0
7091,0
7092,0
7093,0
7094,1
7095,0
7096,0
7097,0
7098,0
7099,0
7100,1
7101,1
7102,1
7103,1
7104,1
7105,1
7106,1
7107,0
7108,1
7109,0
7110,1
7111,1
7112,1
7113,1
7114,1
7115,1
7116,1
7117,1
7118,0
7119,0
7120,0
7121,0
7122,1
7123,0
7124,1
7125,1
7126,0
7127,0
7128,0
7129,0
7130,1
7131,1
7132,1
7133,0
7134,0
7135,0
7136,0
7137,0
7138,0
7139,0
7140,0
7141,0
7142,0
7143,1
7144,1
7145,1
7146,1
7147,1
7148,1
7149,0
7150,1
7151,0
7152,1
7153,0
7154,1
7155,0
7156,1
7157,1
7158,1
7159,0
7160,0
7161,1
7162,1
7163,1
7164,1
7165,1
7166,1
7167,0
7168,0
7169,1
7170,1
7171,1
7172,1
7173,1
7174,1
7175,0
7176,0
7177,1
7178,1
7179,1
7180,1
7181,1
7182,0
7183,0
7184,0
7185,0
7186,0
7187,0
7188,0
7189,0
7190,1
7191,1
7192,0
7193,0
7194,0
7195,1
7196,0
7197,0
7198,0
7199,1
7200,1
7201,0
7202,0
7203,0
7204,0
7205,0
7206,1
7207,0
7208,0
7209,1
7210,1
7211,1
7212,1
7213,1
7214,1
7215,1
7216,1
7217,1
7218,1
7219,1
7220,0
7221,0
7222,0
7223,1
7224,1
7225,1
7226,1
7227,0
7228,0
7229,0
7230,0
7231,0
7232,0
7233,0
7234,1
7235,1
7236,0
7237,1
7238,1
7239,1
7240,0
7241,0
7242,0
7243,1
7244,1
7245,1
7246,0
7247,0
7248,0
7249,1
7250,0
7251,0
7252,0
7253,0
7254,0
7255,0
7256,1
7257,0
7258,0
7259,0
7260,0
7261,0
7262,0
7263,1
7264,1
7265,1
7266,1
7267,1
7268,1
7269,1
7270,1
7271,1
7272,1
7273,0
7274,0
7275,0
7276,1
7277,1
7278,1
7279,1
7280,0
7281,0
7282,0
